{
    "campo_usuario":"input[name='cuenta']",
    "campo_contraseña":"input[name='password']",
    "boton_iniciar_sesion":"input[value='Iniciar Sesion']",
    "error_iniciar_sesion":"td[style='color:red']",
    "escritos_electronicos":"::-p-xpath(//*[@id='menuList']/li/a[contains(text(),'Escritos Electrónicos')])",
    "prestacion_de_escritos":"::-p-xpath(//*[@id='3.3.7.9M']/li/a[contains(text(),'Presentación de Escritos Electrónicos')])",
    "tipo_de_escrito":"#selTipoEscrito",
    "campo_numero_de_expediente":"#txtNumeroExpediente",
    "boton_buscar":"input[onclick='revalidarFormularioConsulta()']",
    "mensaje_aviso":"#dlgMsj",
    "boton_aceptar_mensaje_aviso":"input[value='Aceptar']",
    "boton_limpiar_campos":"input[onclick='removerDatosBusquedaSession()']",
    "opcion_ver_expediente":"::-p-xpath(//*[@id='tblRequerimientos']/tbody/tr/td[1]/a)",
    "campo_numero_expediente_mpv":"#txtExpMVP",
    "boton_buscar_expediente_mpv":"#btnConsultar",
    "boton_grabar":"input[onclick='grabarCambios()']",
    "boton_aceptar_grabado":"input[value='Si']",
    "boton_regresar":"input[onclick='validarSalida()']"
}