{
    "campo_usuario":"input[name='cuenta']",
    "campo_contraseña":"input[name='password']",
    "boton_iniciar_sesion":"input[value='Iniciar Sesion']",
    "error_iniciar_sesion":"td[style='color:red']",
    "asignacion_de_responsables":"::-p-xpath(//*[@id='menuList']/li/a[contains(text(),'Asignación')])",
    "asignar_responsable":"::-p-xpath(//*[@id='3.3.7.3M']/li/a)",
    "select_tipo_expediente":"select[name='selTipoNumeroExpediente']",
    "campo_numero_expediente":"#txtNumeroExpediente",
    "boton_buscar_expediente":"#btnBuscar",
    "mensaje_aviso":"#dlgMsj",
    "boton_aceptar_mensaje_aviso":"input[value='Aceptar']",
    "boton_limpiar_campos":"#btnLimpiar",
    "boton_aceptar_limpiar_campos":"input[onclick='limpiarPagina()']",
    "campo_numero_registro":"#txtBusqueda",
    "boton_buscar_registro":"#btnBusCod",
    "marcar_casilla":"input[type='checkbox']",
    "campo_motivo":"#txtMotivo",
    "boton_agregar":"#btnAgregar",
    "boton_guardar_cambios":"input[value='Guardar Cambios']",
    "boton_aceptar_asignacion":"input[onclick='efectuarAsignacion()']"
}