{
    "campo_usuario": "input[name='cuenta']",
    "campo_contraseña": "input[name='password']",
    "boton_iniciar_sesion": "input[value='Iniciar Sesion']",
    "opcion_documentos_internos": "::-p-xpath(//*[@id='menuList']/li/a[contains(text(),'Documentos Internos')])",
    "opcion_registro_de_documentos_internos": "::-p-xpath(//*[@id='3.3.7.1M']/li/a[contains(text(),'Registro de Documentos Internos')])",
    "select_tipo_expediente": "select[name='selNumeroTipoExpediente']",
    "campo_numero_expediente": "#numExpediente",
    "boton_consultar": "#btnConsultar",
    "opcion_expediente_virtual": "#table > tbody > tr > td:nth-child(2) > a",
    "opcion_anadir_documento": "button[onclick='anadirDoc()']",
    "select_tipo_documento": "#selTipoDoc3Dig",
    "campo_numero_RC": "#numDocumento",
    "boton_elegir_archivo": "#docFisico",
    "boton_adjuntar_archivo": "#adjArcvhivo",
    "boton_cancelar_archivos_adjuntos":"button[onclick='confirmarCancelar()']",
    "boton_salir_archivos_ajuntos":"input[onclick='retornarBandeja()']",
    "boton_limpiar_campos":"button[onclick='limpiar()']",
    "mensaje_aviso":"#dlgMsj",
    "boton_aceptar_mensaje_aviso":"input[value='Aceptar']",
    "boton_cancelar_caso_doc_no_existe":"button[onclick='confirmarRetorno()']",
    "boton_subir_documentos":"button[onclick='confirmarAdjuntar()']",
    "boton_confirmar_subir_documentos_adjutnos":"input[onclick='anadirDoc()']"
}